TPVPC	C.id="645047"
VPAPC	A.id="870535"
AOAPC	O.id="1407"
AOAPA	O.id="559"
CPVPA	A.id="429937"
CPAPV	C.id="641794"
TPCP	T.id="10165"
AOAPC	O.id="728"
CPAPC	A.id="96380"
VPCPA	V.id="873"
VPC	C.id="714087"
CPT	T.id="1298"
CPVPA	V.id="3557"
VPA	A.id="666719"
TPAOA	T.id="3321"
OAPV	O.id="337"
VPAO	A.id="675992"
VPAPC	C.id="644962"
TPVPA	A.id="96380"
PVPC	V.id="8836"
CPA	A.id="491034"
VPAP	V.id="1323"
VPVPC	C.id="654024"
AOAP	O.id="559"
CPAO	O.id="1170"
PTPAO	O.id="383"
TPV	T.id="3229"
VPAO	A.id="152441"
AOAPT	O.id="411"
PVPC	C.id="644962"
PVPAO	V.id="1050"
TPVPV	T.id="668"
CPAP	C.id="695305"
OAPV	O.id="37"
OAPV	O.id="383"
PCPAO	A.id="111616"
VPAO	A.id="345556"
AOAPT	T.id="2158"
CPVPA	V.id="3814"
APVPC	A.id="8004"
OAPC	O.id="852"
VPAOA	V.id="10034"
PCPA	A.id="838066"
TPAOA	T.id="3164"
PCPAO	A.id="684865"
PCPT	T.id="1753"
PAPAO	O.id="1457"
TPAP	A.id="710255"
TPVPV	T.id="1757"
TPAP	A.id="963432"
PVP	V.id="1699"
PTPAO	O.id="2671"
TPAPC	A.id="600313"
OAPV	O.id="292"
APTPC	T.id="908"
PCPV	C.id="654024"
CPAPV	A.id="546324"
VPAPC	V.id="598"
OAO	A.id="108971"
AOAP	O.id="559"
CPVPV	C.id="789028"
PVPC	V.id="4120"
CPV	V.id="694"
APCPV	A.id="600313"
PCPV	C.id="688941"
AOAPA	O.id="1457"
OAPV	O.id="461"
PCPA	C.id="644962"
CPTPA	T.id="4470"
AOAP	O.id="1323"
APC	A.id="861661"
CPAO	C.id="654024"
TPCP	C.id="692058"
VPAPC	V.id="1326"
CPCPA	A.id="247711"
OAPC	A.id="8004"
CPAO	C.id="671598"
TPAPT	A.id="152441"
CPVPV	C.id="671598"
PAOA	O.id="559"
VPAPV	A.id="813292"
APV	A.id="1149808"
CPAPC	A.id="53652"
OAO	A.id="435253"
PAO	O.id="1752"
VPAPC	V.id="9519"
CPT	C.id="789028"
CPAP	A.id="381556"
PVPC	V.id="3236"
CPVPV	C.id="692058"
VPAO	O.id="340"
OAPV	V.id="694"
VPTP	V.id="3236"
AOAPC	C.id="640772"
TPAO	T.id="3712"
TPCPV	C.id="640772"
VPCPT	V.id="8836"
APT	A.id="1060552"
PVPC	C.id="633053"
TPAPV	T.id="908"
TPVPA	A.id="381556"
AOAPV	V.id="10253"
APV	A.id="600313"
APVPC	A.id="96380"
VPTPA	T.id="5831"
OAPA	O.id="340"
CPCPT	T.id="3321"
CPAOA	C.id="633053"
CPAOA	O.id="120"
AOAPT	T.id="1944"
VPAP	V.id="598"
CPVPT	C.id="645622"
PCPTP	T.id="4470"
CPTP	T.id="1856"
VPC	V.id="598"
APTPC	C.id="691215"
PCPAP	A.id="437770"
OAP	A.id="108971"
VPAOA	O.id="337"
VPCP	C.id="671598"
APTPV	T.id="1075"
APV	A.id="976992"
CPTPV	C.id="638176"
CPVP	V.id="3814"
PTP	T.id="5095"
VPAO	O.id="13187"
VPTPV	T.id="2423"
VPCPA	V.id="10294"
CPTPV	T.id="7504"
CPAO	C.id="636537"
TPAPT	A.id="689496"
CPTPV	C.id="648909"
OAPCP	C.id="644962"
PAO	O.id="1194"
PCPA	C.id="645622"
CPAO	O.id="967"
AOAPV	O.id="337"
PAPC	C.id="645047"
PAPAO	O.id="1514"
AOAPC	O.id="559"
PCP	C.id="647850"
APC	C.id="675320"
PVPAO	A.id="872320"
PCPV	C.id="645452"
TPCPC	T.id="3321"
APVPT	A.id="435253"
PCPAP	C.id="731667"
TPAO	O.id="1259"
PTPV	T.id="1944"
OAPTP	O.id="383"
PCPAO	A.id="861661"
PAPAO	O.id="1752"
OAPT	O.id="1259"
VPAOA	V.id="972"
CPA	C.id="671672"
TPCPV	C.id="739551"
PCPV	C.id="737494"
OAPCP	O.id="1194"
OAPA	O.id="641"
PAO	O.id="1514"
VPCPC	V.id="9436"
PCP	C.id="654024"
PTPC	C.id="739551"
TPV	V.id="1059"
PAPAO	O.id="1407"
CPTP	T.id="254"
APV	V.id="4148"
OAPCP	C.id="645452"
VPC	C.id="645094"
PTPV	V.id="298"
CPAPV	C.id="675121"
VPAOA	V.id="8969"
TPAO	A.id="1149808"
APVPC	V.id="298"
APV	A.id="861661"
VPAOA	O.id="48"
VPVPC	C.id="789028"
OAPTP	A.id="546324"
TPTPC	C.id="789028"
AOAPC	C.id="642332"
VPAOA	O.id="504"
AOAPV	O.id="1323"
OAPC	O.id="1407"
VPAPC	C.id="789028"
CPA	A.id="247711"
PVPCP	V.id="4445"
PVPCP	V.id="1241"
CPTPV	C.id="645094"
APV	A.id="1177848"
PCPAP	A.id="796231"
OAPT	O.id="1407"
PAPCP	C.id="645047"
AOAPV	O.id="1407"
TPCPT	C.id="654024"
TPCPV	T.id="1856"
TPAO	T.id="391"
APV	V.id="1591"
TPVPT	V.id="1947"
VPCPA	C.id="688380"
APT	A.id="600313"
VPCPV	C.id="641794"
APAOA	O.id="4722"
OAPC	O.id="500"
CPAOA	O.id="728"
TPAPT	A.id="861661"
CPVP	C.id="641794"
TPAP	T.id="197"
AOAPA	O.id="1170"
TPVPV	T.id="417"
TPA	A.id="666719"
VPAPC	C.id="789028"
TPCPV	V.id="8836"
PVP	V.id="10253"
APCPV	C.id="690974"
PAOA	O.id="1259"
TPVPA	A.id="861661"
PTPAO	O.id="48"
VPAPC	V.id="1591"
VPTP	V.id="832"
VPTP	V.id="1323"
PVPC	V.id="624"
APVPC	A.id="710255"
TPVPT	V.id="1701"
PVPC	C.id="644271"
TPAPV	A.id="60521"
TPA	A.id="616727"
APV	V.id="537"
VPCPT	V.id="79"
OAO	A.id="1389795"
PAO	A.id="429937"
APCP	A.id="414452"
APCPV	C.id="645094"
VPCPT	C.id="644962"
VPAP	V.id="3814"
CPVPT	C.id="789028"
VPCPA	A.id="381556"
TPCPV	T.id="4358"
TPV	V.id="537"
PVPAO	V.id="873"
TPCPV	V.id="2108"
OAPC	O.id="1194"
PCPA	A.id="796231"
TPCP	T.id="4358"
PCPA	C.id="645094"
VPC	C.id="687283"
OAPV	V.id="3249"
PTPC	T.id="668"
OAPTP	O.id="340"
PCPTP	T.id="251"
VPAPC	C.id="648909"
VPTPC	T.id="668"
APVP	A.id="675992"
PAPAO	O.id="1746"
TPAO	A.id="1389795"
CPTPT	C.id="739551"
PCPV	V.id="3803"
PCPAO	O.id="1514"
VPAOA	O.id="1194"
CPAP	C.id="690907"
PAPT	A.id="463037"
PVPC	C.id="645047"
PVPCP	C.id="678157"
TPVPC	C.id="639945"
PVPT	T.id="6128"
OAPC	A.id="885769"
TPA	T.id="3229"
OAPC	A.id="635818"
OAPCP	C.id="789028"
TPAP	T.id="276"
TPA	A.id="940503"
VPTP	V.id="9640"
PAPAO	O.id="383"
PAPC	C.id="645452"
CPTP	C.id="645452"
OAPCP	O.id="559"
APCP	C.id="678157"
VPAOA	V.id="9500"
AOAPV	V.id="1543"
TPCPV	V.id="2868"
APAOA	O.id="1170"
CPT	T.id="1341"
PAPCP	A.id="1389795"
CPTPA	C.id="645622"
OAPVP	V.id="3412"
CPT	C.id="644579"
CPTPT	C.id="641794"
OAPC	A.id="861661"
PCPAO	A.id="960979"
TPAOA	O.id="1457"
AOAP	O.id="192"
CPAO	A.id="3497328"
VPAPV	A.id="689496"
TPV	V.id="9624"
TPCPV	C.id="739551"
TPVPC	T.id="2237"
APT	A.id="305826"
CPVPT	V.id="835"
TPTPC	C.id="640772"
CPAOA	O.id="2671"
OAPT	T.id="1827"
PAPC	A.id="960979"
PAPC	C.id="671598"
CPAO	O.id="1457"
TPAO	T.id="3712"
TPV	T.id="4470"
OAPT	T.id="4105"
CPAP	C.id="639945"
CPV	C.id="640772"
TPVPC	T.id="2587"
APVPT	A.id="104152"
VPAO	V.id="1421"
AOA	O.id="1746"
CPVPT	C.id="739551"
CPA	C.id="644579"
VPAPC	C.id="688857"
VPAOA	V.id="9098"
TPVPA	A.id="53652"
TPAPC	A.id="8004"
TPAPV	T.id="254"
VPTPC	C.id="645047"
APCPV	A.id="33556"
VPTPV	T.id="598"
CPTPA	T.id="276"
PTP	T.id="6794"
PCPT	C.id="732631"
TPAPV	T.id="276"
VPCP	V.id="3107"
TPVPA	A.id="944227"
VPAP	A.id="211561"
PAPC	A.id="944227"
PCPT	C.id="690907"
CPVP	C.id="789028"
VPAP	V.id="9565"
OAPC	O.id="54"
TPCP	T.id="6128"
PAOA	O.id="967"
TPAP	T.id="3001"
PCPV	V.id="8891"
AOAPA	O.id="559"
APCPT	A.id="1724304"
CPTPV	C.id="690974"
VPAP	A.id="744564"
CPVPA	V.id="4189"
TPAOA	O.id="1457"
CPAOA	O.id="1500"
PAPAO	O.id="48"
VPAO	O.id="1170"
VPVPT	T.id="1753"
APCPT	A.id="744564"
OAPAP	O.id="1746"
APAOA	O.id="967"
CPCPA	A.id="666719"
CPAPV	C.id="647850"
PTPA	T.id="668"
TPAPT	A.id="402942"
AOAPC	O.id="337"
APC	C.id="731667"
APVPC	C.id="640772"
CPT	C.id="688380"
CPAO	O.id="1351"
OAPTP	O.id="5514"
APCPV	A.id="895046"
APAO	O.id="192"
PCPTP	C.id="647423"
CPVPT	V.id="10442"
PCPAO	O.id="54"
TPVPA	A.id="108971"
TPVP	V.id="8836"
OAPC	O.id="1194"
TPV	V.id="3967"
PAPCP	C.id="633053"
APT	T.id="6794"
APVPA	V.id="3967"
APTP	A.id="196790"
CPVP	C.id="789028"
CPTP	C.id="640772"
VPVPC	C.id="676559"
CPAPV	C.id="739551"
VPTPV	T.id="4267"
OAPTP	O.id="1170"
TPV	T.id="4364"
CPVP	C.id="671672"
APAO	O.id="1514"
AOAPC	O.id="55"
PTPAO	O.id="5514"
PVPT	V.id="3107"
VPCP	C.id="671598"
AOAPA	O.id="1170"
TPAO	T.id="1856"
PVPC	V.id="465"
TPAO	A.id="675992"
TPCPV	C.id="642332"
CPAOA	O.id="1500"
VPAPC	V.id="3107"
AOAPV	O.id="728"
OAPT	T.id="4470"
APCP	C.id="688941"
TPVPC	C.id="692058"
PAPAO	O.id="852"
CPVPT	T.id="3376"
CPVPV	C.id="644962"
VPAO	O.id="1194"
APV	V.id="835"
PCPAO	C.id="739551"
VPCPA	V.id="2868"
VPAPC	A.id="102200"
PCPT	C.id="688380"
PCPTP	T.id="4769"
CPVP	C.id="644271"
TPCPV	T.id="3229"
PAPT	T.id="6794"
VPA	V.id="3545"
TPCPA	T.id="4470"
TPCPV	C.id="690907"
PCP	C.id="690974"
VPCPT	V.id="2868"
PAPAO	O.id="1514"
VPCPA	V.id="298"
AOAPT	O.id="54"
TPAOA	T.id="863"
OAPV	O.id="1752"
CPT	C.id="633053"
PAPT	A.id="58119"
OAPVP	V.id="10034"
CPAOA	C.id="690974"
VPAOA	O.id="120"
AOAPT	O.id="852"
PVPA	A.id="960979"
TPCPA	T.id="1298"
OAPTP	A.id="463037"
CPTPA	C.id="691215"
VPC	C.id="644202"
TPAO	O.id="411"
TPA	T.id="276"
VPTP	T.id="6030"
PAP	A.id="111616"
OAPT	A.id="283150"
APTPC	A.id="305826"
PAPT	A.id="196790"
OAPTP	A.id="111616"
CPCPT	T.id="2587"
AOAPC	C.id="642332"
CPA	C.id="690974"
TPCP	C.id="645094"
OAPA	O.id="48"
PAO	O.id="1746"
CPCPV	V.id="1733"
OAO	A.id="744564"
PVPC	V.id="3967"
TPVPV	T.id="3001"
PCPTP	T.id="2671"
TPAPC	A.id="1177848"
AOAPV	O.id="411"
CPVPT	T.id="1753"
OAPA	O.id="967"
VPCPA	C.id="645094"
PAO	O.id="728"
TPA	A.id="8004"
APAO	O.id="1500"
TPCP	T.id="3229"
VPAO	A.id="491034"
TPAOA	T.id="598"
APCPA	C.id="739551"
PAPAO	O.id="1407"
PTPV	T.id="3903"
VPAO	A.id="491034"
TPCPA	A.id="1177848"
PAPC	A.id="838066"
OAP	O.id="120"
APTPC	A.id="1177848"
PAPAO	O.id="1407"
VPCPA	C.id="731667"
TPVPV	T.id="3903"
VPCPV	C.id="633053"
CPAO	O.id="500"
OAPC	A.id="345556"
CPAPV	C.id="647850"
VPAOA	O.id="967"
VPVPT	T.id="917"
TPA	A.id="960979"
APTPC	T.id="3229"
OAPCP	A.id="753305"
PVPT	V.id="8836"
CPVPA	C.id="638176"
VPVPA	A.id="29473"
CPAPV	C.id="645047"
APTPC	C.id="644962"
PVPAO	V.id="2445"
OAPV	V.id="835"
TPV	T.id="908"
AOAPA	O.id="5514"
APCPV	V.id="3249"
VPAO	O.id="383"
TPCPV	C.id="695305"
PAPT	A.id="33556"
TPAPC	A.id="53652"
AOAPC	C.id="645047"
APV	V.id="3430"
OAPV	O.id="728"
VPVPA	A.id="3497328"
OAPTP	O.id="4722"
PTP	T.id="3834"
TPVPA	A.id="53652"
CPAPV	V.id="298"
TPAP	A.id="684865"
PAPCP	C.id="789028"
VPCPT	C.id="678157"
CPTPC	T.id="456"
CPTP	T.id="4248"
PVPT	V.id="1050"
AOAPT	T.id="668"
TPCPT	C.id="636537"
OAPCP	O.id="1457"
CPCPT	T.id="1075"
VPC	V.id="3814"
AOAPT	O.id="559"
VPVPC	C.id="647850"
TPAPT	A.id="684865"
CPVPA	A.id="1177848"
TPCPA	C.id="732631"
APTPC	A.id="196790"
CPVPA	V.id="2231"
OAP	O.id="377"
TPCP	C.id="644271"
TPAO	O.id="48"
TPVP	T.id="2407"
TPCPV	T.id="3107"
CPAOA	O.id="120"
CPAPV	C.id="714087"
AOAPV	O.id="120"
TPCPA	A.id="429937"
TPAO	A.id="546324"
TPCPV	V.id="3967"
CPAO	O.id="164"
VPCP	C.id="633053"
APCPV	A.id="463037"
PVPCP	V.id="5681"
PCPAO	C.id="636537"
APCP	A.id="813292"
PCPAO	A.id="675992"
CPAO	O.id="120"
APAOA	O.id="1746"
OAPV	O.id="1500"
PVPA	V.id="1323"
APVPC	V.id="9624"
TPCP	T.id="6030"
APTP	T.id="3712"
VPCPA	C.id="688941"
PVPC	C.id="688941"
PTP	T.id="285"
CPV	C.id="639945"
PVPA	A.id="838066"
PAPCP	A.id="29473"
CPVPA	C.id="644962"
CPVPT	C.id="732631"
VPCP	V.id="9640"
VPT	V.id="4210"
OAPCP	O.id="337"
CPTPV	C.id="654024"
OAPT	O.id="1746"
PAPC	C.id="633053"
APCPV	C.id="671625"
PVPA	V.id="1733"
AOAPC	O.id="728"
TPVPV	T.id="3164"
OAPV	O.id="1323"
VPTP	T.id="2158"
TPVPV	T.id="1757"
PCPAP	C.id="789028"
APCPT	A.id="976992"
AOAPA	O.id="4722"
OAPT	O.id="852"
OAPA	O.id="48"
TPTPC	C.id="647423"
TPVPT	V.id="2868"
CPVP	C.id="789028"
OAPAP	O.id="1500"
VPAOA	O.id="4722"
CPV	V.id="1421"
VPCPA	C.id="690941"
VPTPA	T.id="276"
VPAOA	O.id="120"
PAPCP	A.id="600313"
CPT	C.id="731667"
APVPA	V.id="2101"
PAO	O.id="1259"
TPAOA	T.id="3335"
CPTPA	T.id="4773"
TPCPV	V.id="1145"
TPAO	A.id="402942"
PVP	V.id="2101"
PVPA	V.id="3702"
APVPT	T.id="4470"
VPTPC	C.id="644271"
VPAP	V.id="3412"
OAPV	O.id="54"
PTPAO	O.id="192"
CPA	C.id="678157"
OAPT	A.id="96380"
TPTPC	C.id="633053"
CPAPC	A.id="710255"
CPTP	C.id="734922"
OAPTP	O.id="852"
VPAO	A.id="477084"
TPAOA	O.id="728"
PCP	C.id="739551"
PAO	O.id="340"
TPAO	A.id="4980"
PAPVP	V.id="3967"
CPAO	C.id="644579"
OAPV	O.id="1983"
PAPAO	O.id="728"
APAOA	O.id="654"
OAPV	A.id="684865"
CPVPC	V.id="9779"
TPC	T.id="917"
OAPA	O.id="54"
TPVPV	T.id="4773"
APC	C.id="644579"
TPV	T.id="254"
VPAO	V.id="4397"
TPCP	C.id="690907"
AOAPT	O.id="728"
OAPCP	A.id="152441"
OAPCP	O.id="55"
TPAPC	T.id="2237"
VPVPC	C.id="647850"
VPA	A.id="256747"
TPCPC	T.id="251"
APVPC	A.id="1203580"
PAPCP	A.id="745243"
TPAPT	A.id="838066"
PCPV	C.id="640772"
APVPT	V.id="8891"
VPTPC	C.id="671598"
PCPTP	C.id="671598"
CPAO	O.id="261"
TPVPC	C.id="731667"
PCPAP	C.id="690907"
APC	C.id="645622"
PTPA	T.id="1878"
APC	A.id="60521"
PTPAO	O.id="2229"
TPCPC	T.id="3321"
TPTPC	C.id="789028"
TPAOA	T.id="2290"
CPAO	O.id="261"
CPCPA	A.id="53652"
PCPA	C.id="789028"
CPAO	A.id="635818"
APC	C.id="671598"
VPTPC	T.id="4364"
APTPC	C.id="690907"
TPAO	O.id="559"
APVP	A.id="675992"
AOAPC	O.id="1457"
VPAOA	O.id="641"
AOA	O.id="1746"
TPAOA	O.id="941"
OAP	O.id="1259"
VPAP	A.id="580366"
CPV	C.id="739551"
VPCPT	C.id="636537"
VPAO	V.id="9448"
APTPC	T.id="1944"
CPAPV	V.id="2868"
CPAPV	C.id="690907"
TPVPA	A.id="838066"
TPCPT	C.id="671672"
PAOA	O.id="1752"
APVPC	V.id="835"
CPVPA	V.id="9436"
CPAPV	A.id="944227"
CPAO	A.id="538959"
APCPT	A.id="1060552"
AOAPA	O.id="533"
VPTPV	T.id="1856"
TPAOA	T.id="251"
PAPC	A.id="635818"
CPV	C.id="671598"
VPAO	O.id="192"
AOAP	O.id="54"
APVPT	V.id="1323"
PAPVP	V.id="3507"
TPVPC	T.id="3538"
CPVP	C.id="636537"
PAPCP	A.id="1724304"
TPAP	A.id="600313"
CPTPC	T.id="5095"
PVPAO	V.id="1733"
CPAP	C.id="687283"
PVPA	A.id="211561"
OAPCP	C.id="789028"
PAPT	A.id="960979"
TPVPA	T.id="3164"
PVPC	V.id="10253"
CPV	C.id="644962"
APTP	T.id="4470"
APTPV	T.id="3834"
APCP	C.id="737494"
PTPC	T.id="4470"
VPAPC	V.id="465"
CPAO	O.id="559"
PCPT	T.id="3321"
VPTPA	T.id="5831"
AOAPC	C.id="714087"
CPT	T.id="4470"
TPVPC	V.id="1421"
APC	C.id="690907"
TPCPV	T.id="1856"
PCPAP	A.id="477084"
VPAP	V.id="10253"
PCPAO	O.id="2229"
VPCPA	C.id="647423"
OAPTP	A.id="796231"
APCPV	C.id="645047"
OAPV	O.id="1514"
OAPCP	A.id="675992"
VPAOA	V.id="4484"
OAPT	O.id="48"
OAPCP	C.id="647850"
VPAO	V.id="3309"
CPAPV	C.id="691215"
PAPVP	V.id="10253"
VPC	V.id="10253"
CPTPA	C.id="671598"
CPV	V.id="3759"
VPVPT	T.id="10165"
TPVPA	A.id="374220"
CPVP	C.id="641794"
CPCPT	T.id="1341"
TPVPC	V.id="3107"
AOAP	O.id="941"
TPTPC	C.id="691215"
APCPT	C.id="654024"
CPCPA	A.id="710255"
VPAP	V.id="465"
TPVPV	T.id="30136"
APVPA	V.id="3545"
OAP	A.id="690858"
PVPT	T.id="251"
CPTPA	C.id="690907"
PTPAO	O.id="2671"
APCPT	T.id="1856"
CPAP	A.id="345556"
CPAP	A.id="753305"
CPVPA	A.id="684865"
OAPC	C.id="648909"
OAPA	O.id="9635"
VPAPC	C.id="675320"
TPCPC	T.id="3321"
PCPTP	T.id="2237"
CPVPA	A.id="283150"
TPVPT	V.id="5681"
OAP	A.id="861661"
APTP	A.id="96380"
APCPT	T.id="4470"
AOA	O.id="852"
PVPT	T.id="1341"
APCPV	V.id="1164"
AOA	O.id="2671"
CPAP	A.id="273922"
AOAPC	O.id="340"
VPCP	V.id="598"
CPCPA	A.id="875961"
PCPAO	C.id="633053"
TPVPC	C.id="678157"
CPAP	C.id="645047"
PCPAP	A.id="744564"
APCP	C.id="642332"
OAPV	O.id="261"
APCP	A.id="616727"
CPVPT	T.id="863"
PAPCP	C.id="671598"
VPAP	V.id="1241"
APAO	O.id="852"
PCPAP	A.id="283150"
PCPAP	C.id="636537"
TPAO	O.id="1983"
OAPVP	V.id="9779"
AOAPC	C.id="678157"
APV	V.id="9436"
CPTPC	T.id="4470"
CPAPV	A.id="753305"
CPT	T.id="668"
PCPT	C.id="642332"
APCPT	T.id="276"
PCP	C.id="645094"
APCPA	C.id="645452"
TPA	T.id="4470"
OAPT	T.id="6794"
VPCPT	C.id="644962"
APVPC	C.id="671672"
VPCPT	T.id="3335"
TPAO	O.id="164"
PVPT	T.id="1298"
TPAO	O.id="37"
APCPT	T.id="254"
CPAP	A.id="861661"
VPAO	O.id="164"
VPC	V.id="3814"
VPCPV	C.id="688857"
PTP	T.id="3164"
PVPT	V.id="8891"
APVPC	A.id="600313"
PCPT	T.id="7531"
AOAPV	V.id="8891"
CPTPT	C.id="690907"
CPAO	O.id="377"
VPCPA	A.id="108971"
OAPVP	A.id="345556"
PAO	A.id="753305"
CPAPV	C.id="789028"
AOAP	O.id="2671"
PAPT	A.id="744564"
OAPV	O.id="4722"
VPAO	O.id="2229"
CPAO	O.id="1194"
CPTPT	C.id="690974"
APCPA	C.id="678157"
APC	A.id="1389795"
PCPAO	O.id="500"
CPAO	A.id="8004"
TPAOA	O.id="192"
VPCPC	V.id="10253"
OAPA	O.id="192"
CPVPT	C.id="714087"
PAO	O.id="500"
PAPCP	A.id="666719"
APCPV	C.id="678157"
TPCPC	T.id="456"
PCPTP	C.id="644962"
PVPAO	A.id="861661"
VPAO	O.id="1407"
AOAPA	O.id="192"
PVPA	A.id="1599497"
OAPT	A.id="402942"
VPCP	C.id="671672"
TPAO	O.id="1746"
CPV	V.id="2108"
PCPAP	A.id="1389795"
CPTPV	C.id="671672"
TPAO	O.id="340"
PCPAO	C.id="645599"
OAPV	V.id="972"
VPTP	V.id="79"
OAP	A.id="940503"
TPV	T.id="5095"
PCPAO	O.id="377"
VPAOA	O.id="852"
PCPAP	C.id="690907"
TPVP	V.id="2445"
VPTPA	T.id="5831"
AOAPV	O.id="1259"
TPAPC	A.id="813292"
APV	V.id="4462"
VPVPC	C.id="642332"
VPAO	A.id="618276"
PAPAO	O.id="377"
OAPCP	O.id="1407"
VPAO	O.id="728"
TPCPV	T.id="908"
PTP	T.id="1380"
VPT	V.id="3278"
CPTPA	T.id="2644"
TPAPC	A.id="666719"
APC	A.id="1203580"
PTPAO	O.id="1514"
VPTPC	C.id="676559"
TPAPT	A.id="488709"
VPAPC	C.id="644962"
PTPV	T.id="1757"
VPCPV	C.id="642332"
TPAPC	A.id="944227"
OAPTP	A.id="885769"
CPVPA	V.id="2108"
PCPV	V.id="4484"
PVPA	A.id="4980"
VPVPA	A.id="108971"
CPVPT	T.id="5831"
CPCPV	V.id="1326"
PVPA	V.id="298"
OAPA	O.id="559"
TPVP	V.id="10012"
APVPT	T.id="4470"
TPAPV	A.id="684865"
PVPCP	C.id="654024"
VPA	A.id="247711"
VPVPT	T.id="254"
AOAPA	O.id="559"
VPAP	A.id="2782978"
APVPC	V.id="3249"
OAPCP	A.id="684865"
TPCPA	C.id="642332"
PAPC	C.id="678157"
TPV	T.id="2290"
OAPCP	O.id="461"
OAP	A.id="102200"
VPVPA	A.id="684865"
PCPTP	T.id="668"
PCP	C.id="639945"
CPVP	C.id="671598"
VPVPC	C.id="739551"
TPAO	T.id="4773"
TPCPA	C.id="642332"
OAPTP	A.id="885769"
APAOA	O.id="1752"
APAO	O.id="1746"
CPVPA	C.id="692058"
OAPAP	O.id="1500"
VPAO	O.id="5514"
AOAPC	O.id="164"
TPCPV	C.id="645599"
OAP	O.id="1407"
VPCPV	C.id="642332"
APVPA	V.id="9640"
TPAPT	A.id="402942"
OAPAP	O.id="337"
APCPT	T.id="668"
OAPCP	A.id="1203580"
AOAP	O.id="1259"
TPAPC	T.id="6030"
CPVPV	C.id="641762"
PAPAO	O.id="383"
PCPAP	A.id="152441"
TPV	T.id="698"
CPVPT	V.id="3814"
VPAP	V.id="1723"
OAPC	C.id="671672"
PCPAO	O.id="641"
CPVP	C.id="692023"
CPAOA	C.id="645047"
APVPA	V.id="8836"
CPVPT	V.id="10294"
APCPT	T.id="2587"
VPCPV	C.id="785907"
TPCPC	T.id="4358"
AOAPV	V.id="3814"
CPVPT	T.id="3335"
VPA	V.id="79"
TPAOA	T.id="4364"
VPVPC	C.id="690941"
OAP	O.id="2671"
AOAPT	T.id="4358"
APAO	O.id="852"
PVPA	V.id="8836"
TPCPA	C.id="737494"
PVPCP	C.id="671598"
APVP	A.id="960979"
OAPC	O.id="1407"
OAPC	O.id="164"
OAPT	A.id="283150"
PAO	O.id="504"
OAPCP	O.id="48"
CPTP	C.id="638176"
CPAOA	O.id="377"
CPCPA	A.id="689496"
PTP	T.id="3712"
VPC	C.id="789028"
APCP	C.id="636537"
VPTPC	C.id="645452"
CPCPV	V.id="3278"
AOA	O.id="340"
AOAPC	O.id="120"
CPAPV	C.id="690907"
PVPCP	V.id="3814"
AOAPA	O.id="54"
PCPTP	T.id="6034"
CPVPT	V.id="10253"
TPAP	T.id="1341"
TPVPC	C.id="645452"
PCPTP	T.id="3229"
VPVPT	T.id="2290"
CPAPV	V.id="3545"
APV	A.id="402942"
PAPAO	O.id="1194"
OAPT	T.id="908"
CPTPA	C.id="641794"
PCPAP	C.id="645452"
VPAO	V.id="10326"
PCPTP	C.id="690941"
APV	V.id="4129"
PTPV	V.id="1733"
CPAPC	A.id="104152"
TPCP	T.id="4470"
AOAPC	C.id="641762"
APC	C.id="732631"
OAO	A.id="345556"
CPAO	O.id="13187"
CPAO	A.id="838066"
PTPC	T.id="1295"
AOAPT	T.id="1295"
TPCPV	V.id="79"
TPVPA	V.id="1947"
OAPT	T.id="3903"
APVPA	V.id="9565"
PAPT	A.id="1724304"
TPVPA	A.id="99804"
AOAPV	O.id="728"
APVPT	V.id="10034"
OAPTP	O.id="48"
CPTP	C.id="714087"
AOAPC	O.id="1194"
VPCPC	V.id="8891"
VPAPC	A.id="190166"
VPCPT	V.id="3298"
CPTP	C.id="645622"
OAPT	A.id="211561"
PAPT	T.id="3321"
APTP	A.id="944227"
OAPTP	O.id="1323"
OAPTP	O.id="2671"
CPAPC	A.id="796231"
TPAO	A.id="345556"
OAPT	T.id="3164"
PTPA	T.id="3321"
CPAPC	A.id="744564"
PAO	O.id="340"
OAPC	O.id="1500"
CPVPA	C.id="734922"
VPAPV	A.id="838066"
AOA	O.id="728"
TPVP	T.id="771"
OAPV	O.id="383"
AOAP	O.id="337"
CPAOA	O.id="941"
TPCP	C.id="690907"
CPAPV	C.id="645047"
VPTPA	T.id="3335"
VPAOA	O.id="377"
PAPVP	V.id="624"
OAPT	T.id="1490"
PAO	A.id="1177848"
APVPA	V.id="1241"
TPAPV	A.id="885769"
PVPCP	V.id="1069"
PAO	A.id="99804"
CPTPV	T.id="698"
TPVPC	V.id="3814"
TPVPC	T.id="1757"
APCPT	C.id="690974"
TPCPA	T.id="2407"
APAO	O.id="1457"
TPAPV	T.id="4105"
PTPC	T.id="3321"
CPTPC	T.id="285"
APCPA	C.id="695305"
PTP	T.id="4364"
VPTP	V.id="3967"
TPV	T.id="4773"
TPVPV	T.id="4248"
OAPT	O.id="500"
CPVPA	C.id="636537"
CPTPA	T.id="7504"
TPVPT	V.id="598"
CPTPV	T.id="1827"
CPAP	A.id="796231"
APCPA	C.id="676559"
PAPVP	V.id="4129"
PTPA	T.id="4470"
VPAPC	C.id="645094"
PCPA	C.id="640772"
AOAPV	V.id="8969"
OAPVP	V.id="624"
OAPC	O.id="559"
VPAO	V.id="1241"
TPTPC	C.id="695305"
PTPAO	O.id="383"
TPVPT	V.id="9448"
TPVPC	C.id="690907"
TPCPV	V.id="1069"
AOAP	O.id="37"
CPAP	A.id="675992"
PVPA	V.id="1733"
APTPC	A.id="813292"
TPA	T.id="7531"
OAPCP	C.id="641794"
PTPV	T.id="1341"
TPCPV	V.id="1733"
TPA	T.id="2407"
VPT	T.id="3712"
VPCPA	V.id="3814"
VPAOA	V.id="9448"
PAP	A.id="345556"
OAPT	O.id="1323"
TPAPV	A.id="684865"
CPVPA	C.id="690907"
CPVPA	V.id="9640"
PTPC	C.id="644579"
OAPT	T.id="929"
PVPA	A.id="683321"
CPV	V.id="10080"
CPVPT	C.id="789028"
PAPAO	O.id="120"
PTP	T.id="4660"
VPAPC	V.id="1323"
PVPAO	A.id="675992"
CPAO	A.id="283150"
OAPC	O.id="5514"
CPA	A.id="861661"
PAPC	C.id="789028"
CPAOA	C.id="671598"
VPAOA	V.id="2868"
TPAP	A.id="211561"
CPTPT	C.id="688380"
CPVPT	V.id="4397"
AOAP	O.id="1457"
VPCPC	V.id="8891"
TPAO	A.id="1290904"
TPVPA	A.id="437770"
OAPAP	O.id="358"
APCP	C.id="688941"
OAPA	O.id="292"
PTPAO	O.id="383"
TPVPC	V.id="9779"
CPAO	O.id="383"
CPVPA	V.id="4148"
PCPAO	C.id="639945"
OAPT	O.id="728"
OAPC	C.id="692058"
TPCPV	V.id="9519"
APAO	O.id="340"
CPVPA	C.id="714087"
TPTPC	C.id="688857"
TPVP	T.id="4769"
AOAPC	O.id="340"
PCPAO	O.id="1194"
AOAP	O.id="1746"
VPAOA	O.id="377"
CPAO	A.id="546324"
OAPC	O.id="120"
OAPA	O.id="13187"
PAPVP	A.id="283150"
VPTPA	T.id="3834"
TPCPA	T.id="3672"
CPV	V.id="835"
VPAO	O.id="1407"
TPVP	T.id="4769"
PCPAO	C.id="654024"
PCPV	V.id="3278"
TPVPC	C.id="789028"
APAO	O.id="377"
PCPV	V.id="8891"
TPVPC	T.id="2644"
PCPV	C.id="671672"
APCP	C.id="690907"
AOAPC	O.id="358"
APTPC	T.id="409"
VPA	V.id="3814"
OAPTP	O.id="120"
AOAPT	O.id="340"
VPC	C.id="671625"
TPAPV	T.id="3229"
TPCP	T.id="2388"
OAPT	O.id="192"
PAPT	A.id="1389795"
APAO	O.id="1259"
APVPC	A.id="600313"
TPCPA	T.id="4470"
VPTP	V.id="8836"
CPTPT	C.id="671625"
OAPC	O.id="1457"
VPT	T.id="254"
TPCPA	C.id="645452"
TPCPT	C.id="739551"
PCPT	C.id="671598"
APTP	A.id="437770"
OAPT	A.id="305826"
CPTPT	C.id="789028"
PCPA	A.id="635818"
OAPA	O.id="1746"
VPC	V.id="9640"
TPAPC	A.id="29473"
PAPCP	C.id="690907"
TPTPC	C.id="641762"
CPTPV	C.id="690907"
PVPCP	V.id="3278"
PAO	O.id="5514"
AOAPV	O.id="1514"
PAPCP	C.id="645047"
VPAO	O.id="941"
CPVPA	A.id="247711"
PTP	T.id="3712"
CPTP	T.id="3834"
PTPC	C.id="731667"
TPVPC	T.id="771"
CPAOA	C.id="675320"
CPAO	O.id="411"
PTPAO	O.id="411"
PVPC	C.id="692023"
PAPCP	A.id="891336"
VPVPT	T.id="3164"
VPA	V.id="8969"
PVPCP	V.id="1591"
VPVPT	T.id="409"
PCPT	T.id="2644"
PTPA	T.id="3712"
VPVPA	A.id="861661"
VPAP	V.id="9640"
APAO	O.id="1323"
CPVPA	V.id="2101"
APAO	O.id="1323"
VPAOA	V.id="1421"
TPC	T.id="3712"
PAO	O.id="1457"
VPTP	T.id="3229"
OAPVP	A.id="102200"
VPT	T.id="2587"
PVPC	V.id="624"
OAPC	C.id="648909"
TPAPC	A.id="600313"
OAPC	O.id="852"
VPTPC	C.id="695305"
PVPT	T.id="251"
OAPVP	V.id="624"
APVPA	V.id="1591"
CPAPV	V.id="1326"
VPAP	A.id="885769"
PCPTP	T.id="1827"
VPTPV	T.id="30136"
OAPVP	A.id="247711"
PTPV	T.id="2407"
PCPA	C.id="645047"
TPVPC	C.id="739551"
CPAPC	A.id="53652"
OAPA	O.id="2229"
VPCPA	V.id="835"
AOAPC	O.id="6000"
OAPA	O.id="4722"
AOAP	O.id="377"
AOAPA	O.id="377"
OAPT	O.id="941"
CPCPV	V.id="2108"
CPAPV	C.id="676559"
PAPCP	A.id="824917"
APCPT	A.id="211561"
PCPAO	O.id="1259"
PAO	O.id="377"
VPTPC	C.id="687283"
CPTPV	C.id="714087"
AOAP	O.id="1407"
CPAO	O.id="728"
OAPT	A.id="402942"
TPCPA	T.id="2290"
PCPAO	O.id="411"
AOAPC	O.id="340"
PCPA	A.id="247711"
TPCPT	C.id="645094"
PVPC	C.id="641794"
PVPAO	A.id="8004"
CPVPA	C.id="644962"
OAPA	O.id="1323"
OAPA	O.id="461"
CPTPV	T.id="1380"
VPAPV	A.id="111616"
TPCP	C.id="638176"
TPAPC	A.id="381556"
OAPV	O.id="164"
CPAPV	A.id="402942"
PAO	O.id="5514"
VPC	C.id="675320"
TPCPC	T.id="5095"
PTPC	T.id="1757"
CPVPT	T.id="863"
CPCPT	T.id="3164"
PAPAO	O.id="337"
AOA	O.id="1407"
CPAOA	O.id="377"
PVPA	V.id="9640"
PCPAP	C.id="671598"
PVPA	V.id="624"
CPAOA	O.id="559"
CPVP	V.id="3814"
PTPV	V.id="10012"
TPAP	A.id="1203580"
VPAOA	O.id="1457"
CPCPA	A.id="108971"
APCP	C.id="645047"
VPCPT	T.id="917"
CPAOA	O.id="941"
PVPC	C.id="688857"
VPAP	A.id="944227"
TPA	T.id="2158"
OAPV	A.id="211561"
CPVPC	V.id="10253"
OAPCP	A.id="710255"
TPV	T.id="276"
CPAPV	C.id="645599"
PVPCP	C.id="688380"
TPV	T.id="5095"
TPAPC	A.id="960979"
CPAO	O.id="2229"
APCPV	V.id="493"
OAPT	O.id="237"
APTP	T.id="668"
PAPAO	O.id="54"
VPCPA	A.id="519372"
CPAPC	A.id="838066"
VPCPT	T.id="3712"
CPV	V.id="8948"
VPC	V.id="1069"
PTPA	T.id="409"
CPAO	C.id="669844"
VPAP	A.id="684865"
PAPVP	A.id="838066"
PAPC	A.id="477084"
VPTP	V.id="8891"
AOAP	O.id="726"
OAPAP	O.id="340"
CPAO	A.id="1177848"
CPA	A.id="437770"
TPAO	O.id="1194"
CPA	A.id="247711"
AOAPV	V.id="9098"
APTP	A.id="861661"
OAPCP	C.id="690907"
AOAPA	O.id="1514"
AOAPC	C.id="641794"
CPVPT	V.id="3430"
PCP	C.id="671672"
AOAP	O.id="967"
PVPC	V.id="835"
PAPC	A.id="666719"
OAPCP	C.id="690907"
VPTP	V.id="8812"
OAPC	A.id="944227"
APVPC	V.id="3814"
TPVP	V.id="1653"
VPCPT	T.id="276"
TPA	T.id="2423"
PAO	O.id="852"
VPTPC	T.id="417"
CPCPT	T.id="3903"
TPVPT	V.id="1326"
APC	A.id="381556"
APVPT	V.id="9519"
VPAPC	V.id="1059"
CPVPC	V.id="3107"
TPCPV	T.id="3321"
PVPC	C.id="688380"
CPVPA	A.id="960979"
PCPA	C.id="645622"
TPAP	T.id="391"
AOAPC	O.id="1407"
PAPAO	O.id="941"
AOAPC	O.id="1152"
PCPT	C.id="789028"
APVPT	A.id="684865"
OAPCP	O.id="559"
OAPCP	O.id="500"
CPAOA	C.id="641794"
VPCPC	V.id="2868"
TPCP	T.id="3834"
APTP	A.id="710255"
AOA	O.id="292"
OAPV	O.id="1407"
OAPAP	O.id="1514"
VPCPV	C.id="690941"
CPTPV	C.id="639945"
VPAPC	A.id="152441"
TPVPA	V.id="624"
VPTPV	T.id="3712"
PAPAO	O.id="2671"
VPCPA	C.id="644271"
PVPCP	V.id="1733"
AOA	O.id="1170"
TPVPC	V.id="2108"
CPAO	C.id="639945"
TPCPC	T.id="1856"
CPTPT	C.id="678157"
CPAO	C.id="675320"
APVPC	A.id="211561"
PTPA	T.id="1075"
TPV	T.id="4358"
TPAPC	A.id="813292"
PCPAO	O.id="1983"
APCP	A.id="1293219"
TPCPA	C.id="731667"
APCPT	C.id="638176"
OAPT	O.id="383"
VPTPC	T.id="4105"
APVPA	V.id="298"
VPCPA	A.id="111616"
PAPT	A.id="108971"
TPAOA	O.id="461"
PTP	T.id="3834"
APVPT	V.id="2868"
CPAP	C.id="654024"
OAPT	O.id="383"
PAPC	C.id="647850"
PVP	V.id="10253"
APAO	O.id="1500"
TPCPA	A.id="29473"
VPTP	T.id="4773"
PVP	V.id="9640"
PCPT	T.id="4364"
PAOA	O.id="1514"
VPAO	A.id="247711"
CPAO	C.id="633053"
APCPT	C.id="692058"
APTP	T.id="3229"
APVPT	A.id="519372"
OAPV	O.id="383"
VPA	V.id="3557"
APCPT	A.id="435253"
PTPV	T.id="698"
TPVPC	V.id="598"
APVPC	C.id="714087"
PVPA	V.id="4445"
OAP	O.id="383"
CPVP	V.id="10039"
TPCPV	V.id="10253"
CPAOA	C.id="636537"
CPCPT	T.id="2237"
OAP	O.id="48"
PCPT	T.id="1490"
APVPT	T.id="6794"
CPVPA	V.id="932"
PCPT	C.id="645094"
PAOA	O.id="377"
PVP	V.id="756"
PVPAO	A.id="813292"
OAPC	C.id="671625"
TPCP	T.id="698"
PVPT	V.id="4462"
VPCPA	A.id="53652"
VPAPC	C.id="633053"
VPAO	A.id="211561"
APAO	O.id="852"
APVPC	A.id="2723089"
VPAOA	O.id="2229"
CPTPA	T.id="4364"
VPAO	V.id="3814"
OAPTP	O.id="5514"
VPCPA	C.id="692058"
TPVP	V.id="493"
TPAO	A.id="8004"
APVP	A.id="1177848"
PCPAP	C.id="645452"
CPVPA	C.id="690907"
PAPC	A.id="838066"
VPTPV	T.id="1865"
PCPAO	A.id="870535"
VPT	T.id="3164"
CPVPA	A.id="273922"
AOAPA	O.id="1407"
TPC	C.id="647850"
AOAPC	O.id="164"
PTPC	C.id="695305"
CPTPV	C.id="645452"
CPAO	A.id="796231"
CPVPA	V.id="972"
AOAPV	O.id="1500"
TPVP	V.id="1723"
PVPC	C.id="739551"
CPVP	V.id="9779"
OAPC	C.id="645047"
OAPTP	O.id="2671"
TPAO	A.id="675992"
APTPV	T.id="79"
TPAPV	A.id="1149808"
TPCPV	V.id="10034"
CPAO	O.id="728"
CPT	C.id="642332"
OAO	A.id="196790"
TPVP	T.id="2237"
APCP	A.id="600313"
PCPAO	O.id="2671"
TPVPV	T.id="2853"
VPAOA	V.id="1323"
VPCP	C.id="671598"
OAPV	A.id="60521"
TPAPV	A.id="58119"
APV	V.id="756"
CPA	C.id="692023"
OAP	O.id="1259"
PTPC	T.id="929"
CPVPT	T.id="2644"
PTPA	T.id="3834"
PVPA	A.id="414452"
OAPTP	A.id="256747"
OAPTP	O.id="377"
OAPT	A.id="861661"
AOAPC	O.id="533"
PCPAO	O.id="500"
PAPT	A.id="675992"
VPAPC	V.id="4445"
VPAPC	A.id="53652"
CPTPT	C.id="676559"
OAPT	T.id="3376"
APVPT	T.id="3164"
VPAO	A.id="104152"
AOAPA	O.id="377"
PAPAO	O.id="383"
AOAPA	O.id="967"
VPC	V.id="3967"
VPCPV	C.id="642332"
APCPV	A.id="435253"
APCPT	C.id="714087"
TPAOA	O.id="48"
TPA	T.id="417"
CPTPC	T.id="1341"
TPAOA	T.id="4773"
APTPC	A.id="305826"
VPCPT	C.id="642332"
PVPT	T.id="1856"
TPAPT	A.id="885769"
TPAPC	A.id="104119"
CPAO	A.id="96380"
CPTP	T.id="3335"
VPA	A.id="102200"
PAOA	O.id="967"
VPAPC	A.id="744564"
PVPCP	V.id="1699"
AOAP	O.id="48"
CPTPA	C.id="648909"
TPVPC	V.id="9098"
CPAO	C.id="688941"
AOAPT	O.id="1170"
PAOA	O.id="461"
PAPAO	O.id="48"
CPTPV	T.id="197"
OAP	O.id="13187"
TPVPA	V.id="756"
OAPT	T.id="1341"
PCPAO	O.id="377"
VPAPC	A.id="885769"
VPAO	O.id="1259"
CPVPA	C.id="654024"
TPCP	C.id="648909"
TPAP	T.id="2407"
TPVPC	T.id="929"
OAPT	A.id="104119"
CPCPV	V.id="3107"
TPVPA	A.id="111616"
APAOA	O.id="120"
AOAPT	O.id="1194"
VPTP	T.id="698"
PVPA	V.id="629"
AOAP	O.id="1457"
CPAO	C.id="654024"
OAPC	C.id="645599"
OAPC	A.id="684865"
PTP	T.id="456"
CPVPT	C.id="645047"
VPAPC	A.id="104119"
PAPC	A.id="33556"
TPCPT	C.id="645622"
AOA	O.id="192"
VPCP	C.id="737494"
AOA	O.id="522"
CPAPC	A.id="600313"
PAPT	A.id="305826"
CPT	C.id="690907"
AOAPA	O.id="48"
CPV	C.id="642332"
TPC	T.id="3321"
TPCPV	T.id="251"
APAOA	O.id="5514"
TPCP	T.id="1292"
APCPV	A.id="753305"
AOAPA	O.id="340"
VPAO	A.id="546324"
AOAPC	O.id="5514"
APCPV	C.id="654024"
VPCPT	T.id="3335"
PAPVP	V.id="5681"
CPCPT	T.id="1341"
AOAPV	V.id="3814"
APTPC	A.id="684865"
OAP	O.id="728"
PTPAO	O.id="192"
VPAO	A.id="491034"
APCP	A.id="256747"
CPVPA	A.id="247711"
PAOA	O.id="1194"
VPAO	V.id="4397"
PCPTP	T.id="4358"
CPVPA	V.id="832"
VPAO	O.id="500"
TPC	T.id="4470"
OAPTP	O.id="377"
APV	A.id="684865"
AOAP	O.id="728"
TPAPC	T.id="863"
APVPC	A.id="345556"
VPTPC	T.id="4769"
TPC	C.id="737494"
OAPCP	O.id="500"
APCPT	C.id="688941"
VPAOA	O.id="1746"
AOAPT	T.id="7831"
AOAPT	O.id="2671"
OAPAP	O.id="358"
APT	T.id="468"
TPCPT	C.id="739551"
APTPC	C.id="645094"
APCPT	A.id="744564"
AOAPT	T.id="3321"
PTPAO	O.id="1407"
CPTP	C.id="671672"
VPCPT	T.id="391"
VPCPA	V.id="756"
PTPC	C.id="671672"
OAPCP	A.id="838066"
TPVPC	V.id="10326"
OAP	O.id="164"
CPV	C.id="690907"
TPVPA	A.id="247711"
CPTPV	T.id="1490"
APVPC	C.id="648909"
OAPAP	O.id="1194"
PTPAO	O.id="1259"
CPVPT	V.id="3759"
TPCPV	V.id="493"
VPC	C.id="645047"
CPTPV	T.id="3335"
CPAO	A.id="616727"
APTPV	T.id="5095"
CPAOA	C.id="789028"
PAO	O.id="2671"
TPAPC	T.id="2237"
CPAOA	O.id="1457"
OAPT	T.id="4267"
APCPT	A.id="1177848"
CPTPV	C.id="647850"
OAPC	C.id="640772"
TPAP	T.id="668"
PCPAO	O.id="1500"
TPVPC	V.id="10012"
OAPV	A.id="1177848"
TPAO	O.id="192"
AOAPV	V.id="3814"
CPA	A.id="53652"
PVP	V.id="3814"
CPTP	C.id="644962"
TPCPC	T.id="2237"
CPAPV	V.id="5681"
VPCPA	A.id="861661"
CPTP	T.id="4358"
APCP	C.id="690941"
APAOA	O.id="13187"
PTPC	T.id="4358"
APCPT	C.id="648909"
TPVPC	T.id="4470"
PVPA	V.id="9640"
TPAP	T.id="276"
VPT	T.id="2388"
PVPC	C.id="645094"
OAPAP	O.id="261"
PCPAO	A.id="960979"
VPVPT	T.id="409"
CPTPC	T.id="3679"
TPC	C.id="714087"
CPVP	V.id="1591"
OAPT	O.id="522"
APCPV	V.id="3430"
CPTP	C.id="638176"
PAPT	T.id="1295"
PVPA	A.id="1060552"
PAPC	C.id="714087"
VPCPV	C.id="691215"
TPVPA	A.id="429937"
TPCPA	C.id="675320"
CPAP	C.id="645452"
CPTPC	T.id="1753"
CPVP	C.id="645452"
VPTPC	T.id="3321"
CPAP	C.id="644202"
CPAPV	V.id="3814"
VPAO	O.id="1457"
CPAOA	C.id="789028"
TPA	T.id="285"
APCPT	T.id="30136"
CPVP	V.id="3309"
CPAP	C.id="645094"
VPAO	A.id="437770"
TPCP	T.id="285"
OAPA	O.id="337"
AOAP	O.id="941"
OAPTP	A.id="600313"
VPCPA	V.id="1947"
VPCP	C.id="675121"
PCPT	T.id="4358"
PCPAO	O.id="48"
OAPT	T.id="5095"
APVPC	C.id="644271"
VPAOA	V.id="3967"
TPC	C.id="671672"
CPAO	A.id="256747"
PAPAO	O.id="337"
TPCPA	C.id="675121"
OAPT	O.id="377"
PAPC	A.id="684865"
CPAPV	C.id="644271"
TPCPV	C.id="645047"
OAPT	T.id="1432"
TPCPT	C.id="688380"
TPAO	O.id="48"
TPAO	T.id="668"
APCP	C.id="785907"
CPAOA	O.id="377"
PVPC	V.id="493"
VPCPA	A.id="1177848"
VPT	T.id="4470"
PAPAO	O.id="1983"
TPAPT	A.id="885769"
PAOA	O.id="1407"
CPVPT	C.id="692058"
PAPCP	A.id="111616"
VPCP	C.id="737494"
TPAO	O.id="1514"
APTPC	T.id="818"
CPTPA	C.id="688941"
PVPCP	V.id="1733"
TPA	T.id="5095"
PAPAO	O.id="1407"
TPAPV	A.id="600313"
AOAPA	O.id="1983"
CPAO	C.id="678157"
PCPAP	C.id="645622"
AOAPA	O.id="5514"
TPAOA	O.id="237"
APTPV	T.id="5095"
PCPAO	O.id="340"
OAPC	O.id="1170"
TPVPA	V.id="3814"
OAPCP	A.id="273922"
PTPA	T.id="1341"
TPVPC	C.id="688941"
PVPC	C.id="695305"
VPCPV	C.id="789028"
AOAP	O.id="337"
PAO	A.id="960979"
CPVPA	C.id="645622"
PAO	A.id="519372"
TPVPC	T.id="276"
TPVPA	A.id="684865"
APVPC	V.id="1591"
OAPT	T.id="908"
OAPV	O.id="2229"
AOAPT	O.id="1746"
PCPA	A.id="1177848"
PAPT	T.id="4660"
OAP	O.id="2671"
TPTPC	C.id="675121"
AOA	O.id="1259"
CPCPV	V.id="8969"
PCPT	C.id="647850"
AOAPA	O.id="2229"
PTPC	T.id="391"
PAO	O.id="641"
PCPT	T.id="5095"
OAP	A.id="437770"
VPCPT	C.id="688857"
TPAP	A.id="33556"
PVPT	T.id="863"
PAOA	O.id="641"
PTPA	T.id="3672"
VPAP	A.id="687762"
PTPC	T.id="5095"
PAPT	A.id="675992"
TPCPA	C.id="688857"
APCPT	C.id="690907"
AOAP	O.id="5514"
APT	A.id="256747"
PAPC	C.id="640772"
TPAOA	T.id="3376"
OAP	O.id="728"
PAPCP	A.id="196790"
VPAO	O.id="1152"
AOAPT	O.id="9635"
PAP	A.id="891336"
PTPC	T.id="1865"
VPAPC	A.id="152441"
PTPC	C.id="636537"
OAPAP	O.id="2671"
CPVP	V.id="1733"
CPAPV	V.id="3545"
TPAPC	A.id="381556"
PCPTP	C.id="714087"
VPA	A.id="580366"
TPAPV	A.id="872320"
APVPC	A.id="96380"
CPTP	C.id="644962"
APAOA	O.id="1514"
CPAO	A.id="71589"
PVPC	V.id="1591"
CPTPC	T.id="3321"
PTP	T.id="3164"
OAPTP	O.id="852"
PTPV	T.id="1341"
AOA	O.id="1323"
VPTP	V.id="9500"
TPAPV	T.id="456"
TPVPA	A.id="99804"
VPAOA	O.id="5514"
CPVPA	V.id="3278"
PCPTP	T.id="285"
VPCPA	A.id="96380"
VPCP	V.id="9448"
VPAO	V.id="10326"
TPV	T.id="4267"
PCPAO	A.id="283150"
PTPA	T.id="4364"
VPC	V.id="8948"
TPTPC	C.id="731667"
OAPCP	C.id="692058"
OAPCP	O.id="641"
PCPT	T.id="2237"
APCPT	C.id="739551"
OAPV	O.id="4722"
CPCPT	T.id="2388"
APAO	O.id="1259"
OAPC	O.id="1514"
CPTPA	C.id="671672"
PAPC	A.id="283150"
APTPV	T.id="409"
PTPA	T.id="2587"
AOAP	O.id="48"
TPCP	T.id="698"
APCPV	C.id="690907"
PAPCP	A.id="675992"
OAPT	O.id="641"
TPVP	T.id="2644"
PCP	C.id="645622"
PCPTP	C.id="671672"
CPTPT	C.id="688857"
PVPT	T.id="285"
TPAOA	T.id="5095"
APCP	A.id="96380"
OAPAP	O.id="1457"
AOAP	O.id="1752"
APVPT	A.id="60521"
TPV	V.id="1421"
PCPAP	A.id="58119"
OAPA	O.id="1407"
OAPT	O.id="377"
APVPT	A.id="960979"
PTPC	C.id="671672"
PTPV	T.id="3712"
OAPC	C.id="645047"
PCPAO	O.id="337"
AOAPC	C.id="690941"
OAO	A.id="960979"
CPT	T.id="10165"
PTPV	V.id="3814"
VPAOA	O.id="337"
TPCPV	V.id="9436"
PTPV	T.id="468"
PTP	T.id="409"
VPTPA	T.id="3834"
CPTPC	T.id="2644"
TPV	T.id="818"
CPA	C.id="720270"
CPCPT	T.id="4358"
OAPAP	O.id="55"
APVPC	A.id="968112"
PAO	O.id="164"
PVPAO	A.id="8004"
PCPV	C.id="785907"
OAPV	A.id="968112"
AOAPV	O.id="1514"
CPAOA	O.id="1407"
APVPC	A.id="108971"
OAPT	O.id="1170"
VPTP	T.id="254"
CPT	T.id="3229"
PAPT	T.id="929"
TPVPA	A.id="838066"
PCPTP	T.id="7831"
APCP	A.id="683321"
TPAOA	O.id="522"
CPTPV	T.id="6034"
APCPV	V.id="2868"
OAPTP	A.id="71589"
CPAOA	C.id="678157"
TPAP	T.id="1204"
VPTPA	T.id="1490"
TPAO	O.id="2229"
TPAPV	A.id="618276"
PVPAO	A.id="111616"
AOAP	O.id="1170"
TPCPC	T.id="4773"
CPAO	C.id="645047"
VPCPT	T.id="1304"
TPVPA	V.id="10012"
CPTPT	C.id="688380"
OAPTP	O.id="48"
PAOA	O.id="1500"
TPCPA	C.id="688941"
APTPC	T.id="668"
APVPC	V.id="2231"
TPAPT	A.id="1724304"
APCPA	C.id="645622"
PCPTP	T.id="4194"
PCPT	T.id="668"
VPCPA	V.id="2868"
CPTP	T.id="4194"
AOA	O.id="1407"
TPAOA	T.id="3321"
TPCPV	T.id="4470"
AOAP	O.id="337"
TPVPC	V.id="1733"
VPAO	V.id="4397"
APCP	A.id="345556"
TPTPC	C.id="671598"
AOAPA	O.id="1194"
VPTP	T.id="1753"
APAOA	O.id="5514"
TPAPV	A.id="940503"
PCPTP	T.id="2587"
CPCPT	T.id="668"
VPAO	O.id="852"
VPCP	V.id="2868"
AOAP	O.id="48"
OAPV	O.id="164"
APCPV	C.id="642332"
OAPA	O.id="1457"
VPT	T.id="908"
PCPT	T.id="1432"
TPAPV	T.id="1341"
OAPT	A.id="675992"
AOA	O.id="9635"
PVPAO	V.id="2231"
CPV	C.id="692058"
OAPVP	V.id="694"
VPTP	T.id="30136"
CPCPV	V.id="3814"
PTPAO	O.id="559"
APAOA	O.id="383"
AOAPC	O.id="2229"
OAO	A.id="104152"
TPAPC	A.id="111616"
CPTP	C.id="648909"
APCP	A.id="305826"
CPVP	C.id="645452"
VPTPC	C.id="645047"
AOAPT	T.id="818"
VPAPC	C.id="633053"
AOAPA	O.id="461"
APVPC	C.id="789028"
CPAP	A.id="944227"
VPAOA	V.id="465"
PCPT	T.id="895"
OAPV	A.id="345556"
APCPA	C.id="739551"
PCPAO	A.id="1177848"
APTPC	C.id="739551"
APCPT	T.id="251"
VPCPA	V.id="2108"
APVPC	A.id="1177848"
TPVPC	V.id="2231"
OAPCP	C.id="675320"
TPVPT	V.id="3967"
TPCPA	A.id="53652"
VPCPC	V.id="598"
PAOA	O.id="1514"
PVPT	T.id="3321"
VPTP	T.id="3376"
TPAO	O.id="377"
VPC	C.id="645452"
APTP	T.id="3229"
TPAPT	A.id="600313"
VPT	T.id="3321"
CPAOA	O.id="1170"
AOAPA	O.id="37"
VPCP	V.id="3047"
TPCPA	T.id="908"
TPCPV	T.id="1380"
OAO	A.id="437770"
VPA	A.id="684865"
APVPC	C.id="645094"
CPAOA	C.id="642332"
OAPA	O.id="500"
VPCPV	C.id="644271"
PCPT	C.id="688857"
APAO	O.id="1152"
APTPC	A.id="152441"
TPVP	V.id="3814"
PAO	O.id="559"
CPVPA	C.id="690907"
TPVP	T.id="569"
OAPAP	O.id="13187"
CPTPT	C.id="636537"
AOAPT	T.id="4470"
OAPCP	O.id="1152"
OAPT	O.id="164"
OAPT	A.id="960979"
PAOA	O.id="728"
OAPC	O.id="48"
PCPA	C.id="645452"
TPV	V.id="493"
VPCPA	C.id="690907"
TPC	T.id="5095"
APVPC	V.id="1561"
CPA	A.id="799949"
CPCPT	T.id="3321"
PAPT	A.id="211561"
TPCPA	T.id="1341"
