AOAPV	O.id="5458"
PAPT	T.id="1214"
CPVPT	T.id="286"
TPC	T.id="195"
VPTP	V.id="52"
TPVPA	V.id="1175"
PAPC	C.id="3"
APVPA	V.id="1175"
CPVPT	C.id="3"
CPA	C.id="3"
CPAPV	C.id="3"
TPAPA	T.id="1250"
TPCPA	C.id="2"
OAPTP	O.id="3927"
PTPC	C.id="2"
PVPCP	C.id="2"
CPT	T.id="1250"
APAOA	O.id="5458"
OAO	A.id="3091"
OAPC	C.id="3"
TPCPA	T.id="790"
PTPC	C.id="2"
CPAOA	C.id="2"
OAP	A.id="3091"
CPTPA	T.id="286"
VPC	C.id="1"
AOAPC	O.id="5458"
AOAPC	C.id="3"
CPTPA	C.id="1"
TPCPV	C.id="2"
CPTPV	T.id="2889"
OAPCP	C.id="2"
PVPCP	C.id="3"
TPAPC	C.id="3"
VPCPV	C.id="3"
CPAO	C.id="1"
TPCPT	C.id="3"
APVP	V.id="1175"
APTPC	C.id="2"
PCPT	C.id="3"
APTPC	C.id="3"
APCPT	C.id="2"
TPTPC	C.id="3"
CPAO	C.id="3"
TPCPA	A.id="1226"
CPTPV	T.id="195"
PAP	A.id="1226"
CPVP	C.id="3"
CPAP	A.id="3091"
OAP	O.id="3927"
VPCP	V.id="52"
OAPT	O.id="5458"
VPT	T.id="2889"
PVPA	A.id="3035"
CPTPT	C.id="2"
CPAPC	A.id="1226"
PTPAO	O.id="1789"
APVPT	V.id="1175"
TPAOA	T.id="2889"
TPAPT	A.id="7145"
APTP	A.id="3091"
CPAPV	A.id="3091"
PTPC	T.id="1214"
TPCPA	C.id="3"
AOAPT	O.id="6688"
VPT	T.id="2889"
CPTP	T.id="1214"
OAPA	O.id="3927"
PCPA	C.id="3"
PAOA	O.id="3927"
APVP	V.id="52"
APTPV	T.id="1214"
APVPC	C.id="2"
AOA	O.id="4472"
CPVPT	T.id="286"
PVPAO	O.id="5458"
TPVPC	V.id="1175"
OAPCP	O.id="3927"
TPC	C.id="3"
PTP	T.id="286"
PCPTP	C.id="2"
PAOA	O.id="4348"
CPV	C.id="3"
CPAOA	C.id="2"
PAPT	T.id="1250"
CPT	C.id="1"
CPTPC	T.id="2889"
CPV	C.id="2"
TPA	T.id="790"
AOAPV	O.id="3927"
TPCPV	C.id="2"
VPAPC	A.id="3091"
TPVPA	V.id="1175"
AOAPC	O.id="4472"
PVPC	V.id="1175"
CPCPT	T.id="1214"
VPT	T.id="1250"
TPAPA	T.id="2889"
APTP	T.id="195"
TPVPC	C.id="3"
VPC	C.id="3"
TPVPC	V.id="1175"
CPAPV	C.id="3"
PAPCP	C.id="3"
TPCPA	C.id="1"
APAOA	O.id="4472"
CPV	C.id="2"
TPAOA	O.id="3927"
APCP	C.id="2"
TPC	C.id="3"
VPTPC	C.id="2"
VPAPA	V.id="52"
TPAPC	C.id="3"
OAPC	O.id="5458"
CPTPC	T.id="2889"
PCPTP	T.id="1250"
APVPC	C.id="3"
AOAPC	O.id="5458"
OAPT	T.id="2889"
PVPA	V.id="52"
TPVPC	T.id="195"
CPV	C.id="2"
CPTPT	C.id="3"
APAOA	O.id="5458"
TPVPC	T.id="1250"
TPCPT	C.id="2"
TPCPT	C.id="2"
APAPT	T.id="1214"
AOAPA	O.id="5458"
CPTPC	T.id="2889"
OAP	O.id="3927"
PTPA	T.id="1250"
OAPVP	O.id="3927"
VPAPC	C.id="2"
VPVPC	C.id="2"
VPCPT	V.id="1175"
TPCPC	T.id="1250"
AOAPC	C.id="2"
VPA	A.id="3091"
TPAP	T.id="2889"
APAO	O.id="6688"
PCPV	C.id="3"
TPCPT	C.id="3"
CPVPA	V.id="1175"
TPVPV	T.id="1250"
APVP	V.id="1175"
TPAPC	C.id="3"
CPTPC	T.id="286"
TPCPC	T.id="1250"
APTPT	A.id="3035"
PAPC	A.id="3035"
TPVP	T.id="3225"
APTPC	C.id="1"
CPTPV	T.id="1214"
CPV	C.id="3"
CPTPA	C.id="3"
TPCPA	T.id="1214"
TPCP	C.id="2"
CPAOA	O.id="4472"
VPTPC	C.id="2"
APTPV	A.id="3091"
TPC	T.id="1214"
OAPT	O.id="3927"
AOAPC	O.id="6688"
CPV	V.id="1175"
VPAO	O.id="5458"
TPC	T.id="1250"
TPCP	C.id="2"
APCPV	C.id="3"
VPC	C.id="3"
TPC	T.id="1214"
CPCPT	T.id="1214"
CPVPA	C.id="3"
VPCPV	C.id="3"
VPTP	T.id="286"
TPCPT	C.id="3"
TPCPT	C.id="3"
AOAP	O.id="5458"
TPVPA	A.id="1226"
TPVP	T.id="1250"
VPAOA	O.id="5458"
CPVPT	C.id="3"
PTPAO	O.id="4472"
TPCP	C.id="2"
APC	C.id="3"
VPTPA	V.id="52"
PCP	C.id="3"
CPVP	C.id="2"
APCPT	C.id="2"
APVP	V.id="1175"
VPTPA	T.id="1250"
PCPT	T.id="2889"
APTP	T.id="195"
VPC	C.id="3"
APTPV	T.id="2889"
VPTPC	C.id="1"
PTPAO	O.id="3927"
AOAPC	O.id="4472"
AOA	O.id="5458"
VPCP	C.id="1"
VPAPC	A.id="1226"
PAPT	T.id="1214"
AOAPC	O.id="3927"
PVPCP	C.id="3"
CPAP	C.id="2"
TPAPC	T.id="286"
TPCPC	T.id="2889"
AOA	O.id="1789"
PCPTP	C.id="1"
CPVPT	T.id="1250"
OAPVP	A.id="1226"
CPVPT	T.id="1214"
PVPA	V.id="52"
APVPT	T.id="2889"
CPAOA	O.id="1789"
CPTPA	T.id="1214"
PTPA	T.id="2889"
TPCPC	T.id="1250"
VPVPC	C.id="3"
TPAPV	V.id="52"
TPVP	T.id="195"
PCPAO	C.id="3"
APCPT	T.id="286"
APCPT	C.id="2"
CPV	V.id="52"
VPCP	C.id="3"
TPAPA	T.id="286"
VPCPT	C.id="3"
OAPCP	C.id="2"
VPCPA	C.id="1"
APAPT	T.id="1214"
TPAOA	O.id="5458"
OAPV	O.id="3927"
AOAPC	O.id="5458"
PTP	T.id="1214"
CPVPT	C.id="2"
PAPCP	C.id="3"
CPVPT	T.id="790"
APVPT	T.id="790"
CPT	T.id="2889"
CPAO	C.id="3"
PAOA	O.id="8261"
APCPT	C.id="3"
VPTPV	T.id="1250"
VPAPV	A.id="3091"
OAPT	T.id="195"
TPCPA	A.id="1226"
APC	C.id="3"
PCPTP	C.id="3"
VPCPV	C.id="2"
OAPC	C.id="2"
PAP	A.id="3091"
AOAPV	V.id="52"
TPAOA	O.id="5458"
APVPT	V.id="52"
PCPTP	T.id="790"
VPCP	C.id="3"
VPVPC	C.id="3"
PCPV	C.id="3"
PAOA	O.id="4348"
TPCPC	T.id="1214"
TPAPV	T.id="195"
TPAPT	A.id="1226"
PCPT	T.id="2889"
CPVP	V.id="52"
APTPC	C.id="3"
CPT	T.id="286"
OAPTP	O.id="3927"
APTPC	C.id="2"
APC	C.id="3"
TPVPT	V.id="52"
CPAO	C.id="3"
APTPV	A.id="3035"
TPCP	C.id="2"
PAPT	T.id="1214"
PVPAO	O.id="14082"
TPCPA	C.id="3"
PAPVP	V.id="52"
TPA	T.id="195"
TPAOA	T.id="195"
PCPT	T.id="286"
PCPA	C.id="3"
APTP	T.id="1250"
AOAPT	T.id="286"
TPA	T.id="2889"
APCPA	C.id="3"
OAPT	T.id="790"
VPCPA	C.id="3"
PAPT	T.id="1214"
PVPCP	C.id="3"
PVPT	T.id="2043"
VPCPT	T.id="790"
PTP	T.id="3225"
TPC	T.id="195"
APTPT	A.id="7145"
PTPV	T.id="2043"
PVPT	T.id="1250"
CPTP	T.id="195"
VPC	C.id="2"
OAPT	T.id="2889"
CPVPT	C.id="3"
PCPAP	C.id="2"
VPVPT	T.id="1250"
APC	C.id="1"
VPAO	O.id="5458"
TPA	A.id="7145"
APCPA	C.id="2"
CPAO	O.id="4472"
APC	C.id="2"
PCPT	T.id="2043"
VPAO	A.id="3091"
CPAPA	C.id="3"
CPTPT	C.id="3"
PCPAO	C.id="3"
TPC	C.id="3"
VPTPV	T.id="1214"
CPAO	O.id="4348"
TPCPT	C.id="3"
OAPV	A.id="3091"
CPTP	C.id="3"
TPC	C.id="3"
CPTP	C.id="3"
CPAO	C.id="3"
PTPC	T.id="1214"
CPVPT	T.id="3225"
TPCP	T.id="1214"
VPAOA	O.id="4472"
PVPCP	C.id="3"
OAPC	O.id="5458"
APVP	A.id="3091"
CPTPC	T.id="286"
APT	T.id="2889"
OAPT	O.id="5458"
TPVP	V.id="52"
AOAPC	O.id="6688"
CPTP	C.id="2"
APVPC	V.id="1000"
TPVPT	V.id="52"
TPCPA	T.id="2889"
OAPV	V.id="1175"
VPCPT	T.id="1214"
APVPC	C.id="3"
APC	A.id="1226"
VPAPV	A.id="7145"
PVP	V.id="1175"
OAPTP	O.id="6688"
OAPV	O.id="8261"
VPTPV	T.id="2889"
OAPV	O.id="3927"
APAPT	T.id="1214"
CPCPA	A.id="3091"
CPTP	C.id="1"
TPCPA	T.id="1250"
TPVPC	C.id="2"
VPVPT	T.id="1214"
APTP	T.id="1214"
CPTPC	T.id="2889"
OAPV	V.id="52"
CPTP	C.id="3"
PCP	C.id="3"
APCP	C.id="3"
AOAPC	O.id="3927"
APCPV	V.id="1175"
TPVPV	T.id="790"
AOAPT	O.id="4472"
TPVPA	T.id="1214"
APTPC	C.id="1"
CPTP	C.id="3"
PAPAO	O.id="4472"
CPTPT	C.id="1"
VPVPA	A.id="3091"
PAOA	O.id="4348"
TPCPA	C.id="3"
TPV	T.id="2889"
VPCPA	C.id="3"
CPVPA	C.id="2"
APCPT	T.id="1214"
OAPAP	O.id="4472"
TPCP	T.id="2889"
APTPC	C.id="3"
APAO	O.id="4472"
CPAO	A.id="1226"
PCPT	C.id="2"
CPTP	T.id="790"
VPCPV	C.id="2"
PTP	T.id="1214"
TPAOA	O.id="6688"
VPCP	C.id="2"
VPCPT	C.id="3"
APCPV	C.id="2"
AOAPC	C.id="2"
TPVPC	T.id="1214"
CPAO	O.id="1789"
AOAPT	O.id="4472"
VPTPC	T.id="2043"
CPTP	C.id="2"
CPAO	C.id="3"
CPAOA	O.id="6688"
APC	A.id="3091"
VPVPC	C.id="2"
VPCPA	C.id="3"
CPTPV	C.id="3"
CPTPV	T.id="1214"
OAPV	O.id="4472"
PAPVP	V.id="1175"
APCPA	C.id="1"
CPVPA	C.id="3"
APCPV	C.id="3"
CPAO	O.id="5458"
CPVP	V.id="52"
PCPAO	O.id="14082"
OAPCP	O.id="3927"
APC	C.id="2"
PAOA	O.id="3927"
AOAP	O.id="1789"
APAOA	O.id="3927"
PCPA	C.id="2"
TPAPV	T.id="2043"
CPT	T.id="195"
OAPCP	O.id="5458"
TPCPA	C.id="3"
CPV	C.id="2"
TPCPV	T.id="1214"
CPAPV	C.id="3"
OAPT	O.id="5458"
TPCPA	C.id="3"
VPCPV	C.id="2"
CPAPV	A.id="3091"
APAPT	T.id="1214"
TPC	C.id="1"
TPVP	T.id="1250"
PCPAO	O.id="1789"
APVPC	C.id="3"
AOAPV	O.id="4472"
CPAOA	O.id="5458"
TPCPV	V.id="1175"
CPVPT	T.id="790"
CPT	C.id="2"
TPCP	T.id="1214"
PTPC	T.id="195"
PVPA	A.id="1226"
CPV	C.id="3"
OAP	O.id="5458"
APCPT	C.id="1"
TPV	T.id="2889"
APCP	C.id="3"
CPV	V.id="1175"
CPAO	C.id="3"
CPAPV	C.id="3"
OAO	A.id="3091"
APVPC	A.id="1226"
VPTP	T.id="2889"
PCPT	C.id="3"
PTPAO	O.id="3927"
TPCPV	T.id="1250"
CPAOA	C.id="2"
OAPCP	O.id="4472"
APCPT	T.id="1250"
PVPA	V.id="52"
VPCPT	T.id="2889"
APVPT	T.id="1250"
TPTPC	C.id="3"
APAO	O.id="8261"
OAPA	O.id="4348"
VPCPA	V.id="1175"
CPAO	C.id="3"
TPCPC	T.id="790"
APAO	O.id="3927"
CPAPA	C.id="1"
PAOA	O.id="3927"
TPAPV	T.id="2043"
PVPCP	C.id="3"
VPT	T.id="1250"
CPVPT	T.id="195"
TPAPC	C.id="3"
PCPTP	C.id="3"
OAPCP	C.id="2"
TPVPC	T.id="2889"
VPVPT	T.id="790"
VPC	C.id="3"
OAP	O.id="5458"
APVP	A.id="3091"
OAPT	T.id="195"
PVPT	T.id="2043"
APCPV	C.id="1"
TPCPV	C.id="3"
PTPAO	O.id="4348"
OAPAP	O.id="6688"
CPAOA	O.id="5458"
TPVPC	V.id="1000"
VPVPC	C.id="2"
TPAPA	T.id="195"
CPAOA	C.id="3"
APCP	C.id="2"
TPAPV	T.id="2043"
AOAPV	V.id="52"
TPV	T.id="1214"
PAPT	A.id="3035"
TPAP	T.id="2043"
TPVPA	T.id="1214"
