AOAP	O.id="2671"
TPCP	T.id="3834"
CPVPA	C.id="731667"
TPAOA	T.id="3321"
VPT	T.id="2407"
CPCPT	T.id="3834"
TPA	T.id="3321"
OAPCP	C.id="690907"
PCPAP	C.id="690907"
TPCPT	C.id="785907"
TPCPA	C.id="690907"
TPCP	C.id="690907"
VPTPT	V.id="10012"
PVPCP	C.id="695305"
VPAOA	O.id="2671"
PTPC	C.id="690907"
PTP	T.id="3321"
TPC	C.id="739551"
APVPC	C.id="695305"
CPTP	T.id="4818"
TPCP	C.id="676559"
OAPT	T.id="456"
VPTPC	C.id="644962"
VPAOA	O.id="2671"
PTP	T.id="4818"
CPVPT	C.id="676559"
TPAPC	C.id="731667"
VPCPV	C.id="644962"
APCPT	T.id="3321"
CPT	C.id="695305"
PCP	C.id="739551"
VPVPC	C.id="731667"
TPCPV	T.id="3834"
VPAO	O.id="2671"
VPCPA	V.id="1421"
CPVPT	C.id="644962"
APCPV	V.id="1421"
CPVPT	C.id="644962"
APVPT	T.id="4818"
CPVPT	T.id="4818"
TPAPC	C.id="676559"
VPAOA	O.id="1194"
VPAOA	V.id="2868"
CPVPV	C.id="739551"
PAPAO	O.id="377"
OAPT	O.id="2671"
CPV	V.id="1421"
CPTPC	T.id="4818"
APCPT	T.id="3321"
PTPC	T.id="456"
TPCPV	C.id="690907"
VPTPC	T.id="2407"
CPVPT	V.id="493"
APCPT	A.id="256747"
VPVPT	T.id="3321"
CPTP	C.id="690907"
VPVPC	C.id="695305"
PCPAP	C.id="676559"
PVPCP	V.id="4129"
VPAPA	V.id="1421"
PVPC	V.id="9448"
VPTPV	T.id="4364"
PTPC	C.id="739551"
APCPA	C.id="731667"
TPAP	T.id="4818"
CPVPT	T.id="2298"
OAPV	O.id="2671"
APTPV	A.id="256747"
VPCPT	C.id="644962"
OAPV	V.id="9500"
PAPC	C.id="644962"
TPAPC	C.id="644962"
PCPAO	O.id="2671"
APCPT	T.id="4364"
CPA	C.id="731667"
AOAPC	O.id="1194"
APAO	O.id="2671"
VPTPA	T.id="2298"
TPCP	C.id="690907"
PTPV	V.id="1421"
TPAOA	T.id="4364"
OAPV	V.id="1421"
TPAP	A.id="256747"
TPCP	C.id="690907"
CPAO	O.id="2671"
VPCPV	C.id="695305"
APVPA	V.id="9448"
TPCPA	C.id="676559"
VPAPC	V.id="1421"
PCP	C.id="690907"
CPVPT	V.id="10012"
OAPC	C.id="644962"
APCPA	C.id="695305"
TPVPA	A.id="256747"
APAO	O.id="1194"
CPAO	O.id="2671"
TPAO	T.id="4818"
CPAP	C.id="676559"
PTPAO	O.id="2671"
CPTPT	C.id="690907"
VPT	V.id="1421"
TPVPC	C.id="644962"
PCPT	C.id="731667"
TPCP	C.id="644962"
AOAPV	V.id="2868"
CPVPA	C.id="739551"
AOAPC	C.id="644962"
VPAO	O.id="1194"
TPCPA	T.id="4364"
OAPT	T.id="2407"
VPAPC	C.id="644962"
TPAP	T.id="3321"
CPAOA	C.id="644962"
VPTPC	C.id="676559"
TPVPA	V.id="9500"
APVPC	A.id="256747"
CPAPV	V.id="1421"
APVPC	C.id="644962"
APT	A.id="256747"
CPTPV	T.id="4818"
CPVPT	V.id="9448"
APTPV	V.id="1421"
PVPCP	C.id="644962"
TPVPC	T.id="4818"
PCPAO	O.id="2671"
CPTPV	C.id="676559"
CPT	C.id="739551"
VPCPT	T.id="3321"
PAOA	O.id="1259"
PVPCP	C.id="731667"
PCPTP	C.id="690974"
OAPV	O.id="2671"
PTPC	T.id="3834"
APAPT	T.id="3321"
PAO	O.id="1983"
PCPAP	C.id="676559"
APT	A.id="256747"
VPCP	C.id="739551"
PCPV	V.id="1421"
TPAO	O.id="2671"
PCPAO	O.id="1194"
VPCPV	C.id="644962"
CPAOA	C.id="644962"
APCPA	C.id="644962"
CPV	C.id="731667"
CPAPA	C.id="739551"
TPAO	T.id="3321"
OAPV	O.id="2671"
PTPC	T.id="4364"
TPCPV	C.id="644962"
VPT	V.id="10012"
TPVPV	T.id="4818"
OAPT	T.id="2407"
CPVPV	C.id="690907"
TPVPT	V.id="2868"
APT	T.id="3834"
OAPC	C.id="676559"
TPV	T.id="4818"
CPTPT	C.id="644962"
PVPT	T.id="4818"
OAPAP	O.id="1983"
CPCPT	T.id="3834"
TPCPV	C.id="644962"
TPAOA	T.id="2407"
PVPCP	C.id="690907"
CPVPT	T.id="4364"
OAPV	V.id="9448"
APCP	C.id="676559"
CPAPA	C.id="690907"
APVPA	V.id="1421"
CPVP	V.id="9500"
CPAPV	C.id="690907"
TPAO	T.id="3321"
CPAPV	V.id="9500"
TPAO	O.id="2671"
PTPAO	O.id="2671"
PTPA	T.id="456"
CPCPA	A.id="256747"
TPV	V.id="4129"
CPV	V.id="9448"
PCPAO	C.id="644962"
PCPT	T.id="2407"
AOAPV	O.id="2671"
TPAPC	T.id="2298"
CPVPA	V.id="1421"
VPT	T.id="4818"
APVPT	T.id="4364"
APCPT	C.id="690907"
AOAPC	C.id="731667"
TPC	T.id="4818"
PVPCP	V.id="1421"
CPVP	C.id="731667"
PVPC	V.id="9448"
VPCPT	C.id="676559"
OAPCP	C.id="690974"
AOA	O.id="2671"
CPA	C.id="644962"
VPCPA	C.id="739551"
TPAOA	O.id="1194"
VPTPV	T.id="4818"
OAPCP	O.id="1194"
VPVPC	C.id="644962"
TPAOA	T.id="4818"
CPTPA	C.id="644962"
PTPV	T.id="4818"
TPAPC	A.id="256747"
CPAPA	C.id="731667"
TPVPA	T.id="3834"
OAPV	V.id="2868"
TPCP	C.id="690907"
OAPTP	A.id="256747"
PAOA	O.id="2671"
CPVPA	C.id="676559"
PVPT	T.id="3321"
VPCPV	C.id="731667"
APTPV	T.id="4364"
CPTP	T.id="4364"
CPCPT	T.id="2407"
TPCPA	T.id="4818"
TPA	T.id="3321"
TPAPC	C.id="731667"
TPAPV	T.id="456"
APTPC	C.id="644962"
PAO	O.id="1259"
TPTPV	V.id="1421"
TPAO	A.id="256747"
TPTPV	V.id="10012"
VPTP	V.id="4129"
TPCP	C.id="644962"
VPA	V.id="1421"
CPVPV	C.id="731667"
TPVPV	T.id="456"
TPVPC	T.id="4818"
PVPAO	V.id="9500"
PAPCP	C.id="676559"
AOAPV	V.id="493"
TPCP	C.id="731667"
TPCPT	C.id="731667"
CPAOA	O.id="1983"
OAPCP	C.id="690907"
VPAPC	C.id="690907"
CPAPA	C.id="676559"
TPAPA	T.id="4818"
CPVP	V.id="1421"
AOAPV	V.id="1421"
PAPC	A.id="256747"
CPTPA	C.id="676559"
PVPA	V.id="10012"
OAPCP	O.id="1983"
TPVPC	T.id="2407"
OAPTP	O.id="1259"
TPC	C.id="731667"
OAPVP	O.id="2671"
VPAPC	C.id="690974"
OAPA	O.id="2671"
VPCPC	V.id="9448"
PAPT	T.id="3321"
CPTPT	C.id="644962"
OAPA	O.id="1259"
PVPCP	C.id="644962"
TPCPA	T.id="4364"
TPA	T.id="3321"
TPCP	T.id="3321"
APCP	C.id="731667"
PVP	V.id="1421"
VPAP	V.id="9448"
APVPT	T.id="4364"
PAPC	C.id="644962"
VPA	V.id="9500"
VPCP	C.id="739551"
PCPT	T.id="4818"
TPAP	A.id="256747"
CPAPV	C.id="644962"
PTPC	T.id="4364"
VPAPC	C.id="731667"
OAPVP	O.id="1983"
CPAPV	C.id="676559"
AOAPT	T.id="4818"
PCPV	C.id="676559"
CPAOA	C.id="676559"
CPCPV	V.id="9500"
PTPC	T.id="4818"
APAOA	O.id="2671"
TPAO	O.id="1983"
CPA	C.id="690907"
PCPTP	C.id="690907"
CPVPA	C.id="644962"
APTPC	T.id="4818"
TPCPV	T.id="4818"
PTPAO	O.id="2671"
TPAO	O.id="2671"
VPTP	T.id="4818"
APT	T.id="4818"
VPTPC	C.id="644962"
CPAPV	C.id="731667"
CPVPT	T.id="3321"
AOAPC	O.id="728"
TPCP	C.id="731667"
OAPC	C.id="690907"
CPAPA	C.id="644962"
CPAOA	O.id="1259"
CPV	C.id="676559"
APCPV	C.id="676559"
TPVPC	C.id="644962"
TPAOA	T.id="3321"
PAPAO	O.id="1983"
APCPV	C.id="690907"
PCPTP	C.id="676559"
PTP	T.id="4818"
TPVPC	V.id="1421"
TPAO	O.id="1194"
CPAOA	O.id="1194"
PAO	O.id="1983"
PCPAO	O.id="1259"
PCP	C.id="690907"
VPTPV	T.id="3321"
CPCPV	V.id="1421"
CPTPA	C.id="690907"
APTPV	T.id="4818"
CPVPT	T.id="4818"
CPAPV	C.id="676559"
VPTPT	V.id="9448"
OAPC	O.id="2671"
VPTPC	T.id="4818"
TPCPA	C.id="676559"
APTPV	V.id="4129"
TPA	A.id="256747"
VPAO	V.id="1421"
TPAO	O.id="2671"
OAPVP	V.id="1421"
CPT	C.id="644962"
VPAOA	O.id="1983"
OAPV	O.id="2671"
PVPA	V.id="9448"
VPCPA	C.id="690974"
PCPTP	T.id="3321"
VPVPC	C.id="739551"
TPCPV	C.id="676559"
VPCP	C.id="690907"
PCPV	C.id="731667"
PAPC	C.id="644962"
TPTPC	C.id="739551"
PCPT	T.id="4818"
VPCPT	C.id="695305"
APC	C.id="644962"
APTPV	V.id="9500"
CPAO	C.id="731667"
CPAP	C.id="731667"
TPCP	C.id="644962"
CPAO	O.id="1194"
TPC	T.id="4364"
VPAPA	V.id="9500"
CPVPT	T.id="456"
TPVPA	T.id="3321"
APAOA	O.id="1194"
VPAO	V.id="10012"
VPCPV	C.id="731667"
OAPCP	C.id="739551"
CPTPV	C.id="731667"
AOA	O.id="2671"
APCPV	V.id="1421"
APT	T.id="4818"
CPCPV	V.id="1421"
CPAPA	C.id="731667"
VPTPA	T.id="3834"
TPTPC	C.id="644962"
OAPV	V.id="2868"
OAPVP	O.id="2671"
TPAO	O.id="2671"
AOAPA	O.id="728"
VPTPA	T.id="2407"
CPT	C.id="739551"
APVPC	V.id="9448"
OAPCP	O.id="2671"
APVPC	C.id="676559"
CPAO	C.id="644962"
TPCPV	T.id="2298"
PCPAO	O.id="728"
OAPVP	O.id="1983"
VPC	C.id="739551"
OAPAP	O.id="1194"
PCPAO	O.id="377"
PVPT	T.id="2298"
APAO	O.id="2671"
TPAO	O.id="2671"
PCPA	C.id="739551"
VPAPC	C.id="644962"
TPVPC	V.id="1421"
VPTPA	T.id="2407"
APTP	T.id="3321"
AOAPV	O.id="1259"
PVPAO	V.id="1421"
VPAOA	O.id="1259"
APTPC	T.id="4818"
OAPTP	A.id="256747"
TPCP	T.id="2298"
PCPTP	C.id="676559"
TPCPV	T.id="3834"
PCPA	C.id="690907"
PVPCP	C.id="644962"
TPCPA	C.id="676559"
APCPV	C.id="676559"
TPAO	O.id="1983"
APTPC	C.id="731667"
OAPV	O.id="2671"
PCPTP	C.id="731667"
TPAPV	V.id="9448"
CPV	C.id="695305"
OAPCP	A.id="256747"
PAPC	C.id="676559"
VPC	V.id="4129"
PTPV	T.id="3321"
CPAPV	C.id="644962"
APVPC	C.id="739551"
PCPT	C.id="644962"
TPV	T.id="4818"
CPAPA	C.id="731667"
CPAPV	V.id="9500"
CPVPA	C.id="644962"
PTP	T.id="456"
AOA	O.id="1259"
VPTPA	V.id="4129"
APCPT	C.id="690907"
VPVPC	C.id="731667"
APCPT	A.id="256747"
OAPVP	O.id="2671"
AOAPT	O.id="1983"
TPCPC	T.id="4818"
APVPC	C.id="695305"
CPTPA	C.id="690907"
PCPV	C.id="676559"
VPAPV	A.id="256747"
APC	C.id="731667"
PVPCP	V.id="9500"
TPAOA	O.id="2671"
TPC	C.id="676559"
PCPV	C.id="731667"
TPCPC	T.id="3834"
CPVPA	C.id="676559"
PAOA	O.id="1194"
TPAPA	T.id="3834"
CPAOA	O.id="2671"
PAOA	O.id="1983"
PCPAO	C.id="739551"
CPTPA	C.id="644962"
APT	T.id="3834"
TPVPA	V.id="493"
CPVPA	V.id="4129"
PVPCP	V.id="1421"
APVPC	C.id="676559"
VPAO	O.id="1983"
CPVP	C.id="644962"
VPT	T.id="4818"
VPTPA	T.id="4818"
PAPCP	C.id="731667"
CPAPA	C.id="676559"
CPT	T.id="4818"
TPCPT	C.id="731667"
CPTPV	T.id="4818"
PTPC	C.id="731667"
VPVPC	C.id="731667"
OAPV	A.id="256747"
PAPAO	O.id="2671"
APAO	O.id="2671"
OAPT	T.id="3834"
APT	T.id="3321"
APC	C.id="690907"
TPCPC	T.id="3834"
VPC	C.id="644962"
CPA	C.id="676559"
PVPC	V.id="10012"
PVPCP	C.id="644962"
VPCPT	T.id="3321"
CPT	T.id="4818"
PTPV	V.id="4129"
OAPT	O.id="728"
CPVP	V.id="9500"
AOAPT	T.id="456"
PTPAO	O.id="1259"
CPVPV	C.id="690974"
APTP	T.id="4818"
CPAOA	C.id="676559"
OAPCP	O.id="2671"
CPTPC	T.id="2298"
OAPVP	O.id="2671"
CPTP	C.id="644962"
TPAPT	A.id="256747"
OAPT	O.id="1983"
CPAPV	C.id="690974"
APAO	O.id="2671"
AOAP	O.id="1983"
OAPAP	O.id="2671"
TPVPC	C.id="690907"
CPVPT	T.id="456"
TPAO	O.id="2671"
APAPV	V.id="2868"
PCPTP	C.id="731667"
PVPCP	V.id="4129"
VPAPC	C.id="644962"
APCP	C.id="739551"
